prix,version,reference,kilometrage,couleur,image,site,content,generation,ref_constructeur,marque,url,energie,titre,annee,modele,stock
10.00 €,Non,,225933,BLANC,,careco,BLANC,Non,Non,LANCIA,https://www.pieces-autos-occasion.careco.fr/saint_brieuc/eclairage/piece-doccasion-clignotant-d-lancia-delta.html,,CLIGNOTANT D,1995,DELTA,En stock
15.00 €,Non,,277838,BLANC,,careco,BLANC,Non,Non,SEAT,https://www.pieces-autos-occasion.careco.fr/saint_brieuc/eclairage/piece-doccasion-clignotant-d-seat-toledo.html,,CLIGNOTANT D,1995,TOLEDO,En stock
20.00 €,Non,,29357,GRIS,,careco,BLANC,Non,Non,MICROCAR,https://www.pieces-autos-occasion.careco.fr/saint_brieuc/eclairage/piece-doccasion-clignotant-d-microcar-lyra.html,,CLIGNOTANT D,1992,LYRA,En stock
15.00 €,Non,,243451,NOIR,,careco,ORANGE,Non,Non,FIAT,https://www.pieces-autos-occasion.careco.fr/saint_brieuc/eclairage/piece-doccasion-clignotant-d-fiat-punto.html,,CLIGNOTANT D,1998,PUNTO,En stock
10.00 €,Non,,159824,BLEU,,careco,BLANC,Non,Non,OPEL,https://www.pieces-autos-occasion.careco.fr/saint_brieuc/eclairage/piece-doccasion-clignotant-d-opel-vectra.html,,CLIGNOTANT D,1990,VECTRA,En stock
10.00 €,Non,,17018,GRIS,,careco,ORANGE,Non,Non,FORD,https://www.pieces-autos-occasion.careco.fr/saint_brieuc/eclairage/piece-doccasion-clignotant-d-ford-fiesta.html,,CLIGNOTANT D,1983,FIESTA,En stock
10.00 €,Non,,31658,GRIS,,careco,BLANC,Non,Non,PEUGEOT,https://www.pieces-autos-occasion.careco.fr/saint_brieuc/eclairage/piece-doccasion-clignotant-d-peugeot-308.html,,CLIGNOTANT D,2008,308,En stock
10.00 €,Non,,126107,VERT,,careco,BLANC,Non,Non,RENAULT,https://www.pieces-autos-occasion.careco.fr/saint_brieuc/eclairage/piece-doccasion-clignotant-d-renault-laguna-71552.html,,CLIGNOTANT D,1995,LAGUNA,En stock
10.00 €,Non,,245292,ROUGE,,careco,BLANC,Non,Non,RENAULT,https://www.pieces-autos-occasion.careco.fr/saint_brieuc/eclairage/piece-doccasion-clignotant-d-renault-laguna.html,,CLIGNOTANT D,1995,LAGUNA,En stock
100.00 €,1.6 HDI 110CH VTS,,134420,NOIR,,careco,"PHARE COMPLET
AVEC LA LAMPE
POUR PIECES",C4 COUPE,Non,CITROEN,https://www.pieces-autos-occasion.careco.fr/saint_brieuc/eclairage/piece-doccasion-boitier-xenon-phare-g-citroen-c4.html,,BOITIER XENON PHARE G,2005,C4,En stock
10.00 €,1.9 TD X,,359626,VERT,,careco,BLANC,XANTIA 12.97>09.2002,Non,CITROEN,https://www.pieces-autos-occasion.careco.fr/saint_brieuc/eclairage/piece-doccasion-clignotant-d-citroen-xantia-72150.html,,CLIGNOTANT D,1999,XANTIA,En stock
10.00 €,1.9 TD SX,,364662,BLANC,,careco,BLANC,XANTIA 12.97>09.2002,0000630370,CITROEN,https://www.pieces-autos-occasion.careco.fr/saint_brieuc/eclairage/piece-doccasion-clignotant-d-citroen-xantia-72149.html,,CLIGNOTANT D,1998,XANTIA,En stock
10.00 €,2.1 TD EXCLUSIVE 6CV,,216354,GRIS,,careco,BLANC,XANTIA 12.97>09.2002,0000630370,CITROEN,https://www.pieces-autos-occasion.careco.fr/saint_brieuc/eclairage/piece-doccasion-clignotant-d-citroen-xantia-72148.html,,CLIGNOTANT D,1999,XANTIA,En stock
10.00 €,1.8I 16V PLAISIR,,85030,GRIS,,careco,BLANC,XANTIA 12.97>09.2002,0000630370,CITROEN,https://www.pieces-autos-occasion.careco.fr/saint_brieuc/eclairage/piece-doccasion-clignotant-d-citroen-xantia-72147.html,,CLIGNOTANT D,2000,XANTIA,En stock
10.00 €,2.1 TD EXCLUSIVE 6CV,,0,GRIS,,careco,BLANC,XANTIA 12.97>09.2002,0000630370,CITROEN,https://www.pieces-autos-occasion.careco.fr/saint_brieuc/eclairage/piece-doccasion-clignotant-d-citroen-xantia-72146.html,,CLIGNOTANT D,1998,XANTIA,En stock
10.00 €,2.0 HDI 110CH SX,,333854,GRIS,,careco,BLANC,XANTIA HAYON 5P PHASE 2 12-1997->09-2002,0000630370,CITROEN,https://www.pieces-autos-occasion.careco.fr/saint_brieuc/eclairage/piece-doccasion-clignotant-d-citroen-xantia.html,,CLIGNOTANT D,2000,XANTIA,En stock
12.00 €,524 TD,,378299,GRIS,,careco,BLANC,SERIE 5 4P (E34) 02.88>06.94,Non,BMW,https://www.pieces-autos-occasion.careco.fr/saint_brieuc/eclairage/piece-doccasion-clignotant-d-bmw-serie-5.html,,CLIGNOTANT D,1989,SERIE 5,En stock
8.00 €,16 TRS AUTO,,66615,ROUGE,,careco,BLANC,BX 5P,95619035,CITROEN,https://www.pieces-autos-occasion.careco.fr/saint_brieuc/eclairage/piece-doccasion-clignotant-d-citroen-bx.html,,CLIGNOTANT D,1990,BX,En stock
10.00 €,318I 8CV,,236558,VERT,,careco,ORANGE,SERIE 3 4P (E46) 05.98>09.2001,Non,BMW,https://www.pieces-autos-occasion.careco.fr/saint_brieuc/eclairage/piece-doccasion-clignotant-d-bmw-serie-3.html,,CLIGNOTANT D,2000,SERIE 3,En stock
10.00 €,Non,,252764,BLANC,,careco,BLANC,Non,Non,FIAT,https://www.pieces-autos-occasion.careco.fr/saint_brieuc/eclairage/piece-doccasion-clignotant-d-fiat-ducato.html,,CLIGNOTANT D,1996,DUCATO,En stock
8.00 €,*** GENERIQUE ***,,116296,NOIR,,careco,ORANGE,CINQUECENTO,Non,FIAT,https://www.pieces-autos-occasion.careco.fr/saint_brieuc/eclairage/piece-doccasion-clignotant-d-fiat-cinquecento.html,,CLIGNOTANT D,1994,CINQUECENTO,En stock
8.00 €,TEAM,,180000,BLEU,,careco,ORANGE,SEICENTO,Non,FIAT,https://www.pieces-autos-occasion.careco.fr/saint_brieuc/eclairage/piece-doccasion-clignotant-d-fiat-seicento-72160.html,,CLIGNOTANT D,1998,SEICENTO,En stock
8.00 €,SPORTING ABARTH 4CV (99-2000),,93851,GRIS,,careco,ORANGE,SEICENTO,0000046511353,FIAT,https://www.pieces-autos-occasion.careco.fr/saint_brieuc/eclairage/piece-doccasion-clignotant-d-fiat-seicento.html,,CLIGNOTANT D,1999,SEICENTO,En stock
15.00 €,2.5D,,290381,BLANC,,careco,BLANC,JUMPER FG 4P I -31- CRT HAUT 01-1995->02-2002,0000630395,CITROEN,https://www.pieces-autos-occasion.careco.fr/saint_brieuc/eclairage/piece-doccasion-clignotant-d-citroen-jumper.html,,CLIGNOTANT D,1995,JUMPER,En stock
10.00 €,2.5D,,154550,BLANC,,careco,BLANC,JUMPER 27C TOLE >02.2002,0000630395,CITROEN,https://www.pieces-autos-occasion.careco.fr/saint_brieuc/eclairage/piece-doccasion-clignotant-d-citroen-jumper-72155.html,,CLIGNOTANT D,1998,JUMPER,En stock
20.00 €,1.6 HDI 110CH FAP ATTRACTION,,121292,GRIS,,careco,"BLANC
AVEC ANTIBROUILLARD",C5 04.2008>,Non,CITROEN,https://www.pieces-autos-occasion.careco.fr/saint_brieuc/eclairage/piece-doccasion-clignotant-d-citroen-c5.html,,CLIGNOTANT D,2009,C5,En stock
10.00 €,SE,,130581,ORANGE,,careco,ORANGE,MATIZ > 12.2000,D96507805,DAEWOO,https://www.pieces-autos-occasion.careco.fr/saint_brieuc/eclairage/piece-doccasion-clignotant-d-daewoo-matiz.html,,CLIGNOTANT D,2000,MATIZ,En stock
10.00 €,2.5 D,,218015,BLANC,,careco,BLANC,JUMPER 35MH TOLE >02.2002,0000630395,CITROEN,https://www.pieces-autos-occasion.careco.fr/saint_brieuc/eclairage/piece-doccasion-clignotant-d-citroen-jumper-72153.html,,CLIGNOTANT D,1994,JUMPER,En stock
10.00 €,1.9 TD X,,515551,BLANC,,careco,BLANC,XANTIA 12.97>09.2002,0000630370,CITROEN,https://www.pieces-autos-occasion.careco.fr/saint_brieuc/eclairage/piece-doccasion-clignotant-d-citroen-xantia-72151.html,,CLIGNOTANT D,2000,XANTIA,En stock
10.00 €,2.0JTD 94CH EL 900,,294069,BLANC,,careco,BLANC,SCUDO TOLE,Non,FIAT,https://www.pieces-autos-occasion.careco.fr/saint_brieuc/eclairage/piece-doccasion-clignotant-d-fiat-scudo.html,,CLIGNOTANT D,2004,SCUDO,En stock
8.00 €,1.4 AMBIENTE,,187810,BLEU,,careco,ORANGE,FOCUS 5P,Non,FORD,https://www.pieces-autos-occasion.careco.fr/saint_brieuc/eclairage/piece-doccasion-clignotant-d-ford-focus.html,,CLIGNOTANT D,1999,FOCUS,En stock
12.00 €,2.5 D,,184934,BLANC,,careco,BLANC,JUMPER 31M TOLE >02.2002,0000630395,CITROEN,https://www.pieces-autos-occasion.careco.fr/saint_brieuc/eclairage/piece-doccasion-clignotant-d-citroen-jumper-72154.html,,CLIGNOTANT D,2001,JUMPER,En stock
10.00 €,100 16V ELX >09.2000,,190821,GRIS,,careco,ORANGE,MULTIPLA,0000046512541,FIAT,https://www.pieces-autos-occasion.careco.fr/saint_brieuc/eclairage/piece-doccasion-clignotant-d-fiat-multipla.html,,CLIGNOTANT D,1999,MULTIPLA,En stock
15.00 €,TDI 90CH GHIA,,273302,VERT,,careco,BLANC,GALAXY 96>08.2000,1068161,FORD,https://www.pieces-autos-occasion.careco.fr/saint_brieuc/eclairage/piece-doccasion-clignotant-d-ford-galaxy.html,,CLIGNOTANT D,1998,GALAXY,En stock
10.00 €,55 START,,147811,BLEU,,careco,ORANGE,PUNTO HAYON 3P I 11-1993->10-1999,0000046402657,FIAT,https://www.pieces-autos-occasion.careco.fr/saint_brieuc/eclairage/piece-doccasion-clignotant-d-fiat-punto-72164.html,,CLIGNOTANT D,1999,PUNTO,En stock
8.00 €,1.0I START,,100303,ROUGE,,careco,ORANGE,UNO 3P 10.89>10.95,Non,FIAT,https://www.pieces-autos-occasion.careco.fr/saint_brieuc/eclairage/piece-doccasion-clignotant-d-fiat-uno.html,,CLIGNOTANT D,1993,UNO,En stock
15.00 €,CABRIO,,110906,JAUNE,,careco,ORANGE,PUNTO CABRIOLET,Non,FIAT,https://www.pieces-autos-occasion.careco.fr/saint_brieuc/eclairage/piece-doccasion-clignotant-d-fiat-punto-72163.html,,CLIGNOTANT D,1997,PUNTO,En stock
15.00 €,60 OPERA,,220902,ROUGE,,careco,ORANGE,PUNTO HAYON 3P I 11-1993->10-1999,Non,FIAT,https://www.pieces-autos-occasion.careco.fr/saint_brieuc/eclairage/piece-doccasion-clignotant-d-fiat-punto-72165.html,,CLIGNOTANT D,1998,PUNTO,En stock
15.00 €,2.0 DITD 100CH VTX,,356526,BLEU,,careco,BLANC,PREMACY,C10051060B,MAZDA,https://www.pieces-autos-occasion.careco.fr/saint_brieuc/eclairage/piece-doccasion-clignotant-d-mazda-premacy.html,,CLIGNOTANT D,2000,PREMACY,En stock
25.00 €,GLS 2.2DTI 16V,,348342,GRIS,,careco,BLANC ORANGE,SINTRA MONOSP. 5P 03-1997->12-1999,Non,OPEL,https://www.pieces-autos-occasion.careco.fr/saint_brieuc/eclairage/piece-doccasion-clignotant-d-opel-sintra.html,,CLIGNOTANT D,1999,SINTRA,En stock
8.00 €,1.5D GL,,76392,BLEU,,careco,BLANC,CORSA 5P 07.90>03.93,Non,OPEL,https://www.pieces-autos-occasion.careco.fr/saint_brieuc/eclairage/piece-doccasion-clignotant-d-opel-corsa-72180.html,,CLIGNOTANT D,1993,CORSA,En stock
15.00 €,2T8 2.5 DCI 120CH,,32894,BLANC,,careco,BLANC,INTERSTAR COURT L1H1 11.2003>,Non,NISSAN,https://www.pieces-autos-occasion.careco.fr/saint_brieuc/eclairage/piece-doccasion-clignotant-d-nissan-interstar.html,,CLIGNOTANT D,2006,INTERSTAR,En stock
15.00 €,1.3 MULTIJET 75CH TEAM,,89064,BLEU,,careco,BLANC,PUNTO EVO HAYON 3P III 10-2009->...,0000051858822,FIAT,https://www.pieces-autos-occasion.careco.fr/saint_brieuc/eclairage/piece-doccasion-clignotant-d-fiat-punto-72166.html,,CLIGNOTANT D,2010,PUNTO,En stock
15.00 €,2.8TDI,,174770,VERT,,careco,"BLANC
ACCROCHE CASSE",FRONTERA CABRIO >06.96,1226152,OPEL,https://www.pieces-autos-occasion.careco.fr/saint_brieuc/eclairage/piece-doccasion-clignotant-d-opel-frontera.html,,CLIGNOTANT D,1996,FRONTERA,En stock
8.00 €,1.5TD VIVA,,210850,NOIR,,careco,BLANC,CORSA 3P 07.90>03.93,1226000,OPEL,https://www.pieces-autos-occasion.careco.fr/saint_brieuc/eclairage/piece-doccasion-clignotant-d-opel-corsa.html,,CLIGNOTANT D,1992,CORSA,En stock
15.00 €,2.3 D,,238691,BLEU,,careco,BLANC,VANETTE CARGO,Non,NISSAN,https://www.pieces-autos-occasion.careco.fr/saint_brieuc/eclairage/piece-doccasion-clignotant-d-nissan-vanette.html,,CLIGNOTANT D,2000,VANETTE,En stock
15.00 €,110CDI,,397133,BLANC,,careco,ORANGE,VITO FOURGON,Non,MERCEDES,https://www.pieces-autos-occasion.careco.fr/saint_brieuc/eclairage/piece-doccasion-clignotant-d-mercedes-vito.html,,CLIGNOTANT D,2000,VITO,En stock
10.00 €,1000 L,,142870,GRIS,,careco,ORANGE,MICRA 5P 07.89>06.92,Non,NISSAN,https://www.pieces-autos-occasion.careco.fr/saint_brieuc/eclairage/piece-doccasion-clignotant-d-nissan-micra.html,,CLIGNOTANT D,1992,MICRA,En stock
10.00 €,RN 1.9D,,270528,GRIS,,careco,BLANC ORANGE,CLIO I PH.2 5P 03.94>03.96,7701349982,RENAULT,https://www.pieces-autos-occasion.careco.fr/saint_brieuc/eclairage/piece-doccasion-clignotant-d-renault-clio-72197.html,,CLIGNOTANT D,1996,CLIO,En stock
10.00 €,1.7TD GLS,,373000,GRIS,,careco,BLANC,VECTRA 4P >06.92,Non,OPEL,https://www.pieces-autos-occasion.careco.fr/saint_brieuc/eclairage/piece-doccasion-clignotant-d-opel-vectra-72183.html,,CLIGNOTANT D,1992,VECTRA,En stock
8.00 €,RL 1.9D 55CH BV4,,136607,BLANC,,careco,ORANGE,EXPRESS FGT 09.94>08.2000,Non,RENAULT,https://www.pieces-autos-occasion.careco.fr/saint_brieuc/eclairage/piece-doccasion-clignotant-d-renault-express-72193.html,,CLIGNOTANT D,1996,EXPRESS,En stock
10.00 €,RN 1.2,,281386,BLANC,,careco,BLANC,CLIO I PH.2 5P 03.94>03.96,7701349982,RENAULT,https://www.pieces-autos-occasion.careco.fr/saint_brieuc/eclairage/piece-doccasion-clignotant-d-renault-clio-72196.html,,CLIGNOTANT D,1995,CLIO,En stock
10.00 €,CHIPIE 1.2 60CH,,117334,BLANC,,careco,BLANC,CLIO I PH.2 5P 03.94>03.96,7701349982,RENAULT,https://www.pieces-autos-occasion.careco.fr/saint_brieuc/eclairage/piece-doccasion-clignotant-d-renault-clio.html,,CLIGNOTANT D,1996,CLIO,En stock
15.00 €,280 SE,,226235,OR,,careco,ORANGE,280 SE,Non,MERCEDES,https://www.pieces-autos-occasion.careco.fr/saint_brieuc/eclairage/piece-doccasion-clignotant-d-mercedes-280.html,,CLIGNOTANT D,1977,280,En stock
5.00 €,1.1L TOLEE BV4 86-90,,158651,BLANC,,careco,ORANGE,EXPRESS FGT >09.94,Non,RENAULT,https://www.pieces-autos-occasion.careco.fr/saint_brieuc/eclairage/piece-doccasion-clignotant-d-renault-express.html,,CLIGNOTANT D,1989,EXPRESS,En stock
10.00 €,GTR,,177699,GRIS,,careco,ORANGE,5 5P (SUPER 5),7701349976,RENAULT,https://www.pieces-autos-occasion.careco.fr/saint_brieuc/eclairage/piece-doccasion-clignotant-d-renault-r5.html,,CLIGNOTANT D,1989,R5,En stock
8.00 €,PRIMA 1.9D 65CH,,167040,BLANC,,careco,ORANGE,EXPRESS FGT 09.94>08.2000,Non,RENAULT,https://www.pieces-autos-occasion.careco.fr/saint_brieuc/eclairage/piece-doccasion-clignotant-d-renault-express-72192.html,,CLIGNOTANT D,1996,EXPRESS,En stock
10.00 €,1.9D,,123741,BLANC,,careco,BLANC,BOXER 270CS TOLE >02.2002,Non,PEUGEOT,https://www.pieces-autos-occasion.careco.fr/saint_brieuc/eclairage/piece-doccasion-clignotant-d-peugeot-boxer-72189.html,,CLIGNOTANT D,2000,BOXER,En stock
20.00 €,SV 2.2 HDI BV5,,275000,GRIS,,careco,BLANC,807,Non,PEUGEOT,https://www.pieces-autos-occasion.careco.fr/saint_brieuc/eclairage/piece-doccasion-clignotant-d-peugeot-807.html,,CLIGNOTANT D,2002,807,En stock
10.00 €,2.8 HDI,,190379,BLANC,,careco,BLANC,BOXER 270C VITRE >02.2002,0000630395,PEUGEOT,https://www.pieces-autos-occasion.careco.fr/saint_brieuc/eclairage/piece-doccasion-clignotant-d-peugeot-boxer.html,,CLIGNOTANT D,2001,BOXER,En stock
10.00 €,RTE 1.6E >11.98,,239000,BLEU,,careco,BLANC,SCENIC PH1 96>08.99,7701040713,RENAULT,https://www.pieces-autos-occasion.careco.fr/saint_brieuc/eclairage/piece-doccasion-clignotant-d-renault-megane-72781.html,,CLIGNOTANT D,1998,MEGANE,En stock
10.00 €,RTA 1.9DT,,272425,GRIS,,careco,BLANC,SCENIC PH1 96>08.99,7701040713,RENAULT,https://www.pieces-autos-occasion.careco.fr/saint_brieuc/eclairage/piece-doccasion-clignotant-d-renault-megane-72780.html,,CLIGNOTANT D,1997,MEGANE,En stock
10.00 €,RTA 1.9DTI,,337000,VERT,,careco,BLANC,SCENIC PH1 96>08.99,7701040713,RENAULT,https://www.pieces-autos-occasion.careco.fr/saint_brieuc/eclairage/piece-doccasion-clignotant-d-renault-megane-72779.html,,CLIGNOTANT D,1999,MEGANE,En stock
10.00 €,RN 1.9D,,238309,INCONNU,,careco,BLANC,CLIO HAYON 5P I PHASE 2 03-1994->03-1996,7701349982,RENAULT,https://www.pieces-autos-occasion.careco.fr/saint_brieuc/eclairage/piece-doccasion-clignotant-d-renault-clio-72205.html,,CLIGNOTANT D,1996,CLIO,En stock
15.00 €,RTE 1.9DTI 6CV>11.98,,217760,BLEU,,careco,BLANC,SCENIC PH1 96>08.99,7701040713,RENAULT,https://www.pieces-autos-occasion.careco.fr/saint_brieuc/eclairage/piece-doccasion-clignotant-d-renault-megane-72778.html,,CLIGNOTANT D,2000,MEGANE,En stock
10.00 €,RN 1.1 (91-92),,59968,VERT,,careco,BLANC,CLIO I PH.1 5P >03.94,7701349982,RENAULT,https://www.pieces-autos-occasion.careco.fr/saint_brieuc/eclairage/piece-doccasion-clignotant-d-renault-clio-72202.html,,CLIGNOTANT D,1991,CLIO,En stock
10.00 €,RXT 1.6E,,229610,ROUGE,,careco,BLANC,SCENIC PH1 96>08.99,7701040713,RENAULT,https://www.pieces-autos-occasion.careco.fr/saint_brieuc/eclairage/piece-doccasion-clignotant-d-renault-megane.html,,CLIGNOTANT D,1997,MEGANE,En stock
10.00 €,RL 1.2 (91-92),,165582,ROUGE,,careco,BLANC,CLIO I PH.1 5P >03.94,Non,RENAULT,https://www.pieces-autos-occasion.careco.fr/saint_brieuc/eclairage/piece-doccasion-clignotant-d-renault-clio-72203.html,,CLIGNOTANT D,1992,CLIO,En stock
10.00 €,RN 1.4 (91-92),,123287,VERT,,careco,BLANC,CLIO I PH.1 3P >03.94,7701349982,RENAULT,https://www.pieces-autos-occasion.careco.fr/saint_brieuc/eclairage/piece-doccasion-clignotant-d-renault-clio-72201.html,,CLIGNOTANT D,1991,CLIO,En stock
10.00 €,RL 1.9D,,360000,BLANC,,careco,BLANC,CLIO I PH.2 3P 03.94>03.96,7701349982,RENAULT,https://www.pieces-autos-occasion.careco.fr/saint_brieuc/eclairage/piece-doccasion-clignotant-d-renault-clio-72199.html,,CLIGNOTANT D,1996,CLIO,En stock
10.00 €,ALIZE 2.1DT,,0,Non,,careco,BLANC,ESPACE 03.95>06.97,Non,RENAULT,https://www.pieces-autos-occasion.careco.fr/saint_brieuc/eclairage/piece-doccasion-clignotant-d-renault-espace-72790.html,,CLIGNOTANT D,1995,ESPACE,En stock
10.00 €,ALIZE 2.1DT,,406563,GRIS,,careco,BLANC,ESPACE 03.95>06.97,6025170012,RENAULT,https://www.pieces-autos-occasion.careco.fr/saint_brieuc/eclairage/piece-doccasion-clignotant-d-renault-espace.html,,CLIGNOTANT D,1997,ESPACE,En stock
10.00 €,RN 1.8 1794CM3,,190226,VERT,,careco,BLANC,LAGUNA >04.98,7711130006,RENAULT,https://www.pieces-autos-occasion.careco.fr/saint_brieuc/eclairage/piece-doccasion-clignotant-d-renault-laguna-72787.html,,CLIGNOTANT D,1994,LAGUNA,En stock
10.00 €,RT 2.0 01.96>09.96,,198943,GRIS,,careco,BLANC,LAGUNA NEVADA >04.98,7711130006,RENAULT,https://www.pieces-autos-occasion.careco.fr/saint_brieuc/eclairage/piece-doccasion-clignotant-d-renault-laguna-72788.html,,CLIGNOTANT D,1996,LAGUNA,En stock
10.00 €,RN 1.8 C 1783CM3>96,,197813,NOIR,,careco,BLANC,LAGUNA >04.98,Non,RENAULT,https://www.pieces-autos-occasion.careco.fr/saint_brieuc/eclairage/piece-doccasion-clignotant-d-renault-laguna-72784.html,,CLIGNOTANT D,1994,LAGUNA,En stock
10.00 €,RT 2.0 01.96 > 09.96,,136243,GRIS,,careco,BLANC,LAGUNA >04.98,Non,RENAULT,https://www.pieces-autos-occasion.careco.fr/saint_brieuc/eclairage/piece-doccasion-clignotant-d-renault-laguna-72786.html,,CLIGNOTANT D,1996,LAGUNA,En stock
10.00 €,THE RACE 2.2 DCI 115,,238895,BLEU,,careco,BLANC,ESPACE 12.96>09.2002,Non,RENAULT,https://www.pieces-autos-occasion.careco.fr/saint_brieuc/eclairage/piece-doccasion-clignotant-d-renault-espace-72791.html,,CLIGNOTANT D,2002,ESPACE,En stock
10.00 €,RTE 2.0 AUTO 7CV,,123461,BLEU,,careco,BLANC,MEGANE SCENIC MONOSP. 5P I PHASE 1 09-1996->08-1999,7701040713,RENAULT,https://www.pieces-autos-occasion.careco.fr/saint_brieuc/eclairage/piece-doccasion-clignotant-d-renault-megane-72782.html,,CLIGNOTANT D,1999,MEGANE,En stock
10.00 €,LANCEL 2.2DT,,204825,BEIGE,,careco,BLANC,LAGUNA >04.98,7711130006,RENAULT,https://www.pieces-autos-occasion.careco.fr/saint_brieuc/eclairage/piece-doccasion-clignotant-d-renault-laguna-72785.html,,CLIGNOTANT D,1997,LAGUNA,En stock
15.00 €,RTE 1.6E >11.98,,271179,ROUGE,,careco,BLANC,MEGANE SCENIC MONOSP. 5P I PHASE 1 09-1996->08-1999,Non,RENAULT,https://www.pieces-autos-occasion.careco.fr/saint_brieuc/eclairage/piece-doccasion-clignotant-d-renault-megane-72783.html,,CLIGNOTANT D,1998,MEGANE,En stock
12.00 €,CONFORT EXPRESSION 1.5 DCI 65,,76668,BLEU,,careco,ORANGE,MODUS 09.2004>12.2007,Non,RENAULT,https://www.pieces-autos-occasion.careco.fr/saint_brieuc/eclairage/piece-doccasion-clignotant-d-renault-modus-72802.html,,CLIGNOTANT D,2005,MODUS,En stock
12.00 €,ALIZE 1.5 DCI 65,,98940,BLEU,,careco,ORANGE,MODUS 09.2004>12.2007,Non,RENAULT,https://www.pieces-autos-occasion.careco.fr/saint_brieuc/eclairage/piece-doccasion-clignotant-d-renault-modus-72801.html,,CLIGNOTANT D,2005,MODUS,En stock
10.00 €,ALYUM 1.5 DCI 85,,180359,BLEU,,careco,BLANC,MODUS 09.2004>12.2007,Non,RENAULT,https://www.pieces-autos-occasion.careco.fr/saint_brieuc/eclairage/piece-doccasion-clignotant-d-renault-modus-72799.html,,CLIGNOTANT D,2007,MODUS,En stock
10.00 €,CONFORT DYNAMIQUE 1.2 16V,,90024,VERT,,careco,ORANGE,MODUS 09.2004>12.2007,Non,RENAULT,https://www.pieces-autos-occasion.careco.fr/saint_brieuc/eclairage/piece-doccasion-clignotant-d-renault-modus-72800.html,,CLIGNOTANT D,2004,MODUS,En stock
12.00 €,CONFORT CLIM DYNAMIQUE 1.5 DCI 85,,153243,GRIS,,careco,ORANGE,MODUS 09.2004>12.2007,Non,RENAULT,https://www.pieces-autos-occasion.careco.fr/saint_brieuc/eclairage/piece-doccasion-clignotant-d-renault-modus-72797.html,,CLIGNOTANT D,2006,MODUS,En stock
15.00 €,EXPRESSION 2.2 DCI 130,,186808,BLEU,,careco,BLANC,GRAND ESPACE MONOSP. 5P III LONG 01-1998->09-2002,6025371086,RENAULT,https://www.pieces-autos-occasion.careco.fr/saint_brieuc/eclairage/piece-doccasion-clignotant-d-renault-espace-72793.html,,CLIGNOTANT D,2000,ESPACE,En stock
10.00 €,T313 (91-95),,94299,BLEU,,careco,ORANGE,TRAFIC 1100 TCN 89>95,Non,RENAULT,https://www.pieces-autos-occasion.careco.fr/saint_brieuc/eclairage/piece-doccasion-clignotant-d-renault-trafic.html,,CLIGNOTANT D,1995,TRAFIC,En stock
15.00 €,1.5 DCI 85CH EMPREINTE,,73123,GRIS,,careco,ORANGE,MODUS 09.2004>12.2007,Non,RENAULT,https://www.pieces-autos-occasion.careco.fr/saint_brieuc/eclairage/piece-doccasion-clignotant-d-renault-modus.html,,CLIGNOTANT D,2005,MODUS,En stock
10.00 €,MATCH D,,281681,VERT,,careco,BLANC,GOLF III 5P 92>12.97,Non,VOLKSWAGEN,https://www.pieces-autos-occasion.careco.fr/saint_brieuc/eclairage/piece-doccasion-clignotant-d-volkswagen-golf.html,,CLIGNOTANT D,1997,GOLF,En stock
10.00 €,Non,,0,BLANC,,careco,ORANGE,Non,Non,FORD,https://www.pieces-autos-occasion.careco.fr/saint_brieuc/eclairage/piece-doccasion-clignotant-d-ford-escort.html,,CLIGNOTANT D,0,ESCORT,En stock
8.00 €,*** GENERIQUE ***,,364413,BLANC,,careco,ORANGE,PASSAT 4P 04.88>11.93,Non,VOLKSWAGEN,https://www.pieces-autos-occasion.careco.fr/saint_brieuc/eclairage/piece-doccasion-clignotant-d-volkswagen-passat.html,,CLIGNOTANT D,1992,PASSAT,En stock
8.00 €,1.3 LS,,95044,BLANC,,careco,BLANC,PONY 5P 10/94>02/98,Non,HYUNDAI,https://www.pieces-autos-occasion.careco.fr/saint_brieuc/eclairage/piece-doccasion-clignotant-d-hyundai-pony.html,,CLIGNOTANT D,1998,PONY,En stock
10.00 €,1.6I SENSATION,,201722,VERT,,careco,BLANC,XANTIA HAYON 5P PHASE 1 03-1993->06-1998,95667957,CITROEN,https://www.pieces-autos-occasion.careco.fr/saint_brieuc/eclairage/piece-doccasion-clignotant-d-citroen-xantia-432241.html,,CLIGNOTANT D,1997,XANTIA,En stock
15.00 €,3.0 TD-4D GX,,490488,BLANC,,careco,BLANC,LANDCRUISER 3P 99>02.2003,Non,TOYOTA,https://www.pieces-autos-occasion.careco.fr/saint_brieuc/eclairage/piece-doccasion-clignotant-d-toyota-land-cruiser.html,,CLIGNOTANT D,2002,LAND CRUISER,En stock
8.00 €,GLTD,,203717,BLEU,,careco,BLANC,CARINA E 5P,Non,TOYOTA,https://www.pieces-autos-occasion.careco.fr/saint_brieuc/eclairage/piece-doccasion-clignotant-d-toyota-carina.html,,CLIGNOTANT D,1997,CARINA,En stock
8.00 €,418 SLD TURBO,,358011,VERT,,careco,BLANC,400 01.94>09.95,Non,ROVER,https://www.pieces-autos-occasion.careco.fr/saint_brieuc/eclairage/piece-doccasion-clignotant-d-rover-400.html,,CLIGNOTANT D,1994,400,En stock
10.00 €,PACK AUTHENTIQUE 1.5 DCI 70,,40860,BLEU,,careco,BLANC,MODUS 09.2004>12.2007,Non,RENAULT,https://www.pieces-autos-occasion.careco.fr/saint_brieuc/eclairage/piece-doccasion-clignotant-d-renault-modus-72798.html,,CLIGNOTANT D,2007,MODUS,En stock
8.00 €,Non,,254286,BLANC,,careco,ORANGE,STARLET 5P 10.96>03.99,8151010280,TOYOTA,https://www.pieces-autos-occasion.careco.fr/saint_brieuc/eclairage/piece-doccasion-clignotant-d-toyota-starlet.html,,CLIGNOTANT D,1999,STARLET,En stock
10.00 €,TURBO INTERCOOLER,,506572,GRIS,,careco,BLANC/ORANGE,940 4P,Non,VOLVO,https://www.pieces-autos-occasion.careco.fr/saint_brieuc/eclairage/piece-doccasion-clignotant-d-volvo-940.html,,CLIGNOTANT D,1992,940,En stock
10.00 €,1.9 TD 6CV 90CH,,160980,ORANGE,,careco,BLANC,S40 >06.2000,Non,VOLVO,https://www.pieces-autos-occasion.careco.fr/saint_brieuc/eclairage/piece-doccasion-clignotant-d-volvo-s40.html,,CLIGNOTANT D,1998,S40,En stock
10.00 €,190 BV5,,198405,MARRON,,careco,ORANGE,190 09.88 >06.93,Non,MERCEDES,https://www.pieces-autos-occasion.careco.fr/saint_brieuc/eclairage/piece-doccasion-clignotant-d-mercedes-190.html,,CLIGNOTANT D,1990,190,En stock
15.00 €,D 76 DRIVER 7CV,,104463,BLEU,,careco,ORANGE,TOURNEO COMBI 4P II PHASE 3 10-1994->08-2000,Non,FORD,https://www.pieces-autos-occasion.careco.fr/saint_brieuc/eclairage/piece-doccasion-clignotant-d-ford-transit.html,,CLIGNOTANT D,2000,TRANSIT,En stock
10.00 €,2.0D,,200254,VERT,,careco,BLANC,ALMERA HAYON 5P I PHASE 1 10-1995->04-1998,261301N025,NISSAN,https://www.pieces-autos-occasion.careco.fr/saint_brieuc/eclairage/piece-doccasion-clignotant-d-nissan-almera.html,,CLIGNOTANT D,1998,ALMERA,En stock
10.00 €,2.5 D,,292604,BLEU,,careco,BLANC,BOXER FG 4P I -320- MOY. HAUT 02-1994->02-2002,0000630395,PEUGEOT,https://www.pieces-autos-occasion.careco.fr/saint_brieuc/eclairage/piece-doccasion-clignotant-d-peugeot-boxer-432261.html,,CLIGNOTANT D,1997,BOXER,En stock
15.00 €,1.6 16V GL,,166100,VERT,,careco,BLANC,VECTRA 5P 02.99>06.2002,1226068,OPEL,https://www.pieces-autos-occasion.careco.fr/saint_brieuc/eclairage/piece-doccasion-clignotant-d-opel-vectra-432254.html,,CLIGNOTANT D,1999,VECTRA,En stock
10.00 €,1.4 70CH,,282094,GRIS,,careco,BLANC,TIPO HAYON 5P I PHASE 1 07-1988->04-1993,Non,FIAT,https://www.pieces-autos-occasion.careco.fr/saint_brieuc/eclairage/piece-doccasion-clignotant-d-fiat-tipo.html,,CLIGNOTANT D,1990,TIPO,En stock
10.00 €,190D BV5,,430122,BLANC,,careco,ORANGE,190 09.88 >06.93,Non,MERCEDES,https://www.pieces-autos-occasion.careco.fr/saint_brieuc/eclairage/piece-doccasion-clignotant-d-mercedes-190-432250.html,,CLIGNOTANT D,1991,190,En stock
10.00 €,2.0 HDI 90CH SX,,237457,BLANC,,careco,BLANC,XANTIA HAYON 5P PHASE 2 12-1997->09-2002,0000630370,CITROEN,https://www.pieces-autos-occasion.careco.fr/saint_brieuc/eclairage/piece-doccasion-clignotant-d-citroen-xantia-432242.html,,CLIGNOTANT D,2001,XANTIA,En stock
10.00 €,1.8 D CLX,,0,GRIS,,careco,BLANC,ORION BERL. 4P II PHASE 1 11-1990->09-1992,Non,FORD,https://www.pieces-autos-occasion.careco.fr/saint_brieuc/eclairage/piece-doccasion-clignotant-d-ford-orion.html,,CLIGNOTANT D,1991,ORION,En stock
10.00 €,1.6I GHIA,,18042,VERT,,careco,BLANC,ESCORT HAYON 5P IV PHASE 2 10-1992->01-1995,6729789,FORD,https://www.pieces-autos-occasion.careco.fr/saint_brieuc/eclairage/piece-doccasion-clignotant-d-ford-escort-432245.html,,CLIGNOTANT D,1995,ESCORT,En stock
10.00 €,RN 2.2D,,252873,VERT,,careco,BLANC,LAGUNA HAYON 5P I PHASE 1 01-1994->04-1998,Non,RENAULT,https://www.pieces-autos-occasion.careco.fr/saint_brieuc/eclairage/piece-doccasion-clignotant-d-renault-laguna-492949.html,,CLIGNOTANT D,1997,LAGUNA,En stock
10.00 €,1.5DCI 80CH LUXE DYNAMIQUE,,274529,GRIS,,careco,ORANGE,MODUS HAYON 5P PHASE 1 09-2004->12-2007,7701065737,RENAULT,https://www.pieces-autos-occasion.careco.fr/saint_brieuc/eclairage/piece-doccasion-clignotant-d-renault-modus-473416.html,,CLIGNOTANT D,2004,MODUS,En stock
10.00 €,T333,,220404,BLANC,,careco,ORANGE,TRAFIC FG 4P I PHASE 2 -1100- MOY.CRT NRML 07-1991->09-1994,Non,RENAULT,https://www.pieces-autos-occasion.careco.fr/saint_brieuc/eclairage/piece-doccasion-clignotant-d-renault-trafic-432278.html,,CLIGNOTANT D,1992,TRAFIC,En stock
10.00 €,RTE 1.9DTI 12.98>,,314645,VERT,,careco,BLANC,MEGANE SCENIC MONOSP. 5P I PHASE 1 09-1996->08-1999,7701040713,RENAULT,https://www.pieces-autos-occasion.careco.fr/saint_brieuc/eclairage/piece-doccasion-clignotant-d-renault-megane-432280.html,,CLIGNOTANT D,1999,MEGANE,En stock
10.00 €,1.5 DCI 75CH ECO2 PURPLE,,30500,BLANC,,careco,BLANC,TWINGO HAYON 3P II PHASE 2 12-2011->...,Non,RENAULT,https://www.pieces-autos-occasion.careco.fr/saint_brieuc/eclairage/piece-doccasion-clignotant-d-renault-twingo-432265.html,,CLIGNOTANT D,2013,TWINGO,En stock
15.00 €,Non,,175367,VERT,,careco,ORANGE,GRD CHEROKEE 04.1999>,Non,JEEP,https://www.pieces-autos-occasion.careco.fr/saint_brieuc/eclairage/piece-doccasion-clignotant-d-jeep-grd-cherokee.html,,CLIGNOTANT D,1997,GRD CHEROKEE,En stock
10.00 €,FIVE 1.4I,,118369,BLANC,,careco,ORANGE,SUPER 5 HAYON 3P 10-1984->12-1996,7701349976,RENAULT,https://www.pieces-autos-occasion.careco.fr/saint_brieuc/eclairage/piece-doccasion-clignotant-d-renault-r5-432264.html,,CLIGNOTANT D,1994,R5,En stock
10.00 €,1.5 DCI 75CH ECO2 AUTHENTIQUE,,31805,ROUGE,,careco,BLANC,TWINGO HAYON 3P II PHASE 2 12-2011->12-2014,261608090R,RENAULT,https://www.pieces-autos-occasion.careco.fr/saint_brieuc/eclairage/piece-doccasion-clignotant-d-renault-twingo.html,,CLIGNOTANT D,2013,TWINGO,En stock
10.00 €,AUTO 65CH (85-87),,149530,GRIS,,careco,ORANGE,SUPER 5 HAYON 5P 10-1984->12-1996,7701349976,RENAULT,https://www.pieces-autos-occasion.careco.fr/saint_brieuc/eclairage/piece-doccasion-clignotant-d-renault-r5-432263.html,,CLIGNOTANT D,1988,R5,En stock
10.00 €,2.1D 60 8V AV (43KW) -852_750- M5,,190039,BLANC,,careco,ORANGE,TRAFIC FG 4P I PHASE 1 08-1982->05-1989,Non,RENAULT,https://www.pieces-autos-occasion.careco.fr/saint_brieuc/eclairage/piece-doccasion-clignotant-d-renault-trafic-432277.html,,CLIGNOTANT D,1986,TRAFIC,En stock
10.00 €,1.9 TD SX,,399800,GRIS,,careco,BLANC,XANTIA HAYON 5P PHASE 2 12-1997->09-2002,0000630370,CITROEN,https://www.pieces-autos-occasion.careco.fr/saint_brieuc/eclairage/piece-doccasion-clignotant-d-citroen-xantia-493139.html,,CLIGNOTANT D,1999,XANTIA,En stock
10.00 €,RT 1.4E,,241917,ROUGE,,careco,BLANC,MEGANE HAYON 5P I PHASE 1 11-1995->03-1999,Non,RENAULT,https://www.pieces-autos-occasion.careco.fr/saint_brieuc/eclairage/piece-doccasion-clignotant-d-renault-megane-506007.html,,CLIGNOTANT D,1996,MEGANE,En stock
10.00 €,1.5D KID,,361736,BLANC,,careco,BLANC,106 HAYON 5P PHASE 1 09-1991->04-1996,0000630321,PEUGEOT,https://www.pieces-autos-occasion.careco.fr/saint_brieuc/eclairage/piece-doccasion-clignotant-d-peugeot-106.html,,CLIGNOTANT D,1995,106,En stock
10.00 €,1.8 D SUCCESS,,1726,BLANC,,careco,BLANC,ESCORT HAYON 5P IV PHASE 1 10-1990->09-1992,Non,FORD,https://www.pieces-autos-occasion.careco.fr/saint_brieuc/eclairage/piece-doccasion-clignotant-d-ford-escort-533423.html,,CLIGNOTANT D,1992,ESCORT,En stock
10.00 €,1.9 TDI 5CV,,150125,BLANC,,careco,ORANGE,CADDY COMBI 3P II 09-1996->03-2004,6K5953050B,VOLKSWAGEN,https://www.pieces-autos-occasion.careco.fr/saint_brieuc/eclairage/piece-doccasion-clignotant-d-volkswagen-caddy.html,,CLIGNOTANT D,1998,CADDY,En stock
15.00 €,TDI,,56728,GRIS,,careco,BLANC,80 11.91>06.95,8A0953050A,AUDI,https://www.pieces-autos-occasion.careco.fr/saint_brieuc/eclairage/piece-doccasion-clignotant-d-audi-80.html,,CLIGNOTANT D,1994,80,En stock
10.00 €,RXT 1.9DTI 5CV,,348245,BLEU,,careco,BLANC,MEGANE SCENIC MONOSP. 5P I PHASE 1 09-1996->08-1999,Non,RENAULT,https://www.pieces-autos-occasion.careco.fr/saint_brieuc/eclairage/piece-doccasion-clignotant-d-renault-megane-493023.html,,CLIGNOTANT D,1998,MEGANE,En stock
10.00 €,1.5DCI 65CH ALIZE,,54271,GRIS,,careco,ORANGE,MODUS HAYON 5P PHASE 1 09-2004->12-2007,8200267914,RENAULT,https://www.pieces-autos-occasion.careco.fr/saint_brieuc/eclairage/piece-doccasion-clignotant-d-renault-modus-493020.html,,CLIGNOTANT D,2005,MODUS,En stock
10.00 €,RN 2.2DT,,363897,BLEU,,careco,BLANC,LAGUNA HAYON 5P I PHASE 1 01-1994->04-1998,7711130006,RENAULT,https://www.pieces-autos-occasion.careco.fr/saint_brieuc/eclairage/piece-doccasion-clignotant-d-renault-laguna-661056.html,,CLIGNOTANT D,1997,LAGUNA,En stock
10.00 €,AIDA 1.6E,,175071,BLANC,,careco,BLANC,MEGANE SCENIC MONOSP. 5P I PHASE 1 09-1996->08-1999,7701040713,RENAULT,https://www.pieces-autos-occasion.careco.fr/saint_brieuc/eclairage/piece-doccasion-clignotant-d-renault-megane-632049.html,,CLIGNOTANT D,1999,MEGANE,En stock
10.00 €,2.1 TD SX 7CV,,283191,GRIS,,careco,BLANC,XANTIA HAYON 5P PHASE 2 12-1997->09-2002,0000630370,CITROEN,https://www.pieces-autos-occasion.careco.fr/saint_brieuc/eclairage/piece-doccasion-clignotant-d-citroen-xantia-605905.html,,CLIGNOTANT D,1999,XANTIA,En stock
10.00 €,RL 1.2 BV5 4CV,,134426,ROUGE,,careco,BLANC,CLIO HAYON 5P I PHASE 2 03-1994->03-1996,Non,RENAULT,https://www.pieces-autos-occasion.careco.fr/saint_brieuc/eclairage/piece-doccasion-clignotant-d-renault-clio-660877.html,,CLIGNOTANT D,1995,CLIO,En stock
10.00 €,FIDJI 1.2,,165350,ROUGE,,careco,BLANC,CLIO HAYON 5P I PHASE 2 03-1994->03-1996,7701349982,RENAULT,https://www.pieces-autos-occasion.careco.fr/saint_brieuc/eclairage/piece-doccasion-clignotant-d-renault-clio-594422.html,,CLIGNOTANT D,1995,CLIO,En stock
10.00 €,AUTO 68CH (88-89),,110590,GRIS,,careco,ORANGE,SUPER 5 HAYON 5P 10-1984->12-1996,7701349976,RENAULT,https://www.pieces-autos-occasion.careco.fr/saint_brieuc/eclairage/piece-doccasion-clignotant-d-renault-r5-575476.html,,CLIGNOTANT D,1990,R5,En stock
10.00 €,2.1 TD SX PACK CLIM 7CV,,0,BLANC,,careco,BLANC,XANTIA HAYON 5P PHASE 2 12-1997->09-2002,Non,CITROEN,https://www.pieces-autos-occasion.careco.fr/saint_brieuc/eclairage/piece-doccasion-clignotant-d-citroen-xantia-606872.html,,CLIGNOTANT D,1999,XANTIA,En stock
10.00 €,1.4 16V PRIVILEGE,,0,BLEU,,careco,ORANGE,MODUS HAYON 5P PHASE 1 09-2004->12-2007,8200267914,RENAULT,https://www.pieces-autos-occasion.careco.fr/saint_brieuc/eclairage/piece-doccasion-clignotant-d-renault-modus-493027.html,,CLIGNOTANT D,2004,MODUS,En stock
10.00 €,RTA 1.6E,,167955,VIOLET,,careco,BLANC,MEGANE SCENIC MONOSP. 5P I PHASE 1 09-1996->08-1999,7701040713,RENAULT,https://www.pieces-autos-occasion.careco.fr/saint_brieuc/eclairage/piece-doccasion-clignotant-d-renault-megane-560364.html,,CLIGNOTANT D,1998,MEGANE,En stock
10.00 €,1.5DCI 80CH LUXE PRIVILEGE,,67439,MARRON,,careco,ORANGE,MODUS HAYON 5P PHASE 1 09-2004->12-2007,7701065737,RENAULT,https://www.pieces-autos-occasion.careco.fr/saint_brieuc/eclairage/piece-doccasion-clignotant-d-renault-modus-754099.html,,CLIGNOTANT D,2004,MODUS,En stock
10.00 €,JTD 105 ELX,,354479,BLEU,,careco,ORANGE,MULTIPLA MONOSP. 5P PHASE 1 01-1999->09-2004,0000046512541,FIAT,https://www.pieces-autos-occasion.careco.fr/saint_brieuc/eclairage/piece-doccasion-clignotant-d-fiat-multipla-738653.html,,CLIGNOTANT D,2000,MULTIPLA,En stock
20.00 €,115 D-4D VX,,67642,VERT,,careco,BLANC,RAV4 BREAK 3P II PHASE 1 07-2000->10-2003,Non,TOYOTA,https://www.pieces-autos-occasion.careco.fr/saint_brieuc/eclairage/piece-doccasion-clignotant-d-toyota-rav4.html,,CLIGNOTANT D,2003,RAV4,En stock
10.00 €,1.2I LEV ECO 2 75CH INTENS,,21060,GRIS,,careco,BLANC,TWINGO HAYON 3P II PHASE 2 12-2011->12-2014,Non,RENAULT,https://www.pieces-autos-occasion.careco.fr/saint_brieuc/eclairage/piece-doccasion-clignotant-d-renault-twingo-731902.html,,CLIGNOTANT D,2013,TWINGO,En stock
10.00 €,1.0I KID,,177267,NOIR,,careco,BLANC,106 HAYON 3P PHASE 1 09-1991->04-1996,0000630321,PEUGEOT,https://www.pieces-autos-occasion.careco.fr/saint_brieuc/eclairage/piece-doccasion-clignotant-d-peugeot-106-736568.html,,CLIGNOTANT D,1995,106,En stock
10.00 €,55 SX,,168903,ROUGE,,careco,ORANGE,PUNTO HAYON 3P I 11-1993->10-1999,0000046402657,FIAT,https://www.pieces-autos-occasion.careco.fr/saint_brieuc/eclairage/piece-doccasion-clignotant-d-fiat-punto-700248.html,,CLIGNOTANT D,1997,PUNTO,En stock
10.00 €,320I (95-96),,325018,PRUNE,,careco,ORANGE,SERIE 3 BERL. 4P III (E36) 01-1991->04-1998,63138353278,BMW,https://www.pieces-autos-occasion.careco.fr/saint_brieuc/eclairage/piece-doccasion-clignotant-d-bmw-serie-3-601396.html,,CLIGNOTANT D,1992,SERIE 3,En stock
10.00 €,316I (94-98),,272170,BLEU,,careco,ORANGE,SERIE 3 BERL. 4P III (E36) 01-1991->04-1998,63138353278,BMW,https://www.pieces-autos-occasion.careco.fr/saint_brieuc/eclairage/piece-doccasion-clignotant-d-bmw-serie-3-701551.html,,CLIGNOTANT D,1998,SERIE 3,En stock
10.00 €,318I PACK 8CV,,241370,GRIS,,careco,ORANGE,SERIE 3 BERL. 4P IV PHASE 1 (E46) 05-1998->09-2001,63137165848,BMW,https://www.pieces-autos-occasion.careco.fr/saint_brieuc/eclairage/piece-doccasion-clignotant-d-bmw-serie-3-670072.html,,CLIGNOTANT D,1999,SERIE 3,En stock
10.00 €,RN 1.4I,,178510,VERT,,careco,BLANC,CLIO HAYON 3P I PHASE 1 06-1990->03-1994,7701349982,RENAULT,https://www.pieces-autos-occasion.careco.fr/saint_brieuc/eclairage/piece-doccasion-clignotant-d-renault-clio-542925.html,,CLIGNOTANT D,1994,CLIO,En stock
10.00 €,1.8I,,145490,BLEU,,careco,BLANC,XANTIA HAYON 5P PHASE 2 12-1997->09-2002,Non,CITROEN,https://www.pieces-autos-occasion.careco.fr/saint_brieuc/eclairage/piece-doccasion-clignotant-d-citroen-xantia-496925.html,,CLIGNOTANT D,1998,XANTIA,En stock
10.00 €,RN 1.9D (90-93),,147721,ROUGE,,careco,BLANC,CLIO HAYON 5P I PHASE 1 06-1990->03-1994,7701349982,RENAULT,https://www.pieces-autos-occasion.careco.fr/saint_brieuc/eclairage/piece-doccasion-clignotant-d-renault-clio-700804.html,,CLIGNOTANT D,1993,CLIO,En stock
10.00 €,AUTHENTIQUE 1.9 DTI,,257984,NOIR,,careco,BLANC,ESPACE MONOSP. 5P III 12-1996->09-2002,6025371086,RENAULT,https://www.pieces-autos-occasion.careco.fr/saint_brieuc/eclairage/piece-doccasion-clignotant-d-renault-espace-670065.html,,CLIGNOTANT D,2001,ESPACE,En stock
10.00 €,2.0 TD GLX 7CV,,0,VERT,,careco,"BLANC 
ABIME",SPACEWAGON BREAK 5P II 03-1992->07-2000,Non,MITSUBISHI,https://www.pieces-autos-occasion.careco.fr/saint_brieuc/eclairage/piece-doccasion-clignotant-d-mitsubishi-space-wg.html,,CLIGNOTANT D,1999,SPACE WG.,En stock
15.00 €,*** GENERIQUE ***,,147818,VERT,,careco,ORANGE,CINQUECENTO,Non,FIAT,https://www.pieces-autos-occasion.careco.fr/saint_brieuc/eclairage/piece-doccasion-clignotant-d-fiat-cinquecento-770441.html,,CLIGNOTANT D,1995,CINQUECENTO,En stock
10.00 €,2.1D 90 8V TURBO (68KW) -J8S_610- M5,,382387,VERT,,careco,"BLANC
ABIME",ESPACE MONOSP. 5P II PHASE 1 04-1991->02-1995,6025170012,RENAULT,https://www.pieces-autos-occasion.careco.fr/saint_brieuc/eclairage/piece-doccasion-clignotant-d-renault-espace-783672.html,,CLIGNOTANT D,1994,ESPACE,En stock
10.00 €,1.6I SILLAGE (95-96),,143475,ROUGE,,careco,BLANC,405 BERL. 4P PHASE 2 07-1992->06-1996,0000630195,PEUGEOT,https://www.pieces-autos-occasion.careco.fr/saint_brieuc/eclairage/piece-doccasion-clignotant-d-peugeot-405.html,,CLIGNOTANT D,1996,405,En stock
10.00 €,BE BOP >12.95,,100511,ROUGE,,careco,BLANC,CLIO HAYON 5P I PHASE 2 03-1994->03-1996,7701349982,RENAULT,https://www.pieces-autos-occasion.careco.fr/saint_brieuc/eclairage/piece-doccasion-clignotant-d-renault-clio-762966.html,,CLIGNOTANT D,1995,CLIO,En stock
10.00 €,RT 1.8 1794CM3,,250456,VERT,,careco,BLANC,LAGUNA HAYON 5P I PHASE 1 01-1994->04-1998,7711130006,RENAULT,https://www.pieces-autos-occasion.careco.fr/saint_brieuc/eclairage/piece-doccasion-clignotant-d-renault-laguna-764336.html,,CLIGNOTANT D,1994,LAGUNA,En stock
10.00 €,1.9TD SENSATION,,196745,VERT,,careco,BLANC,XANTIA HAYON 5P PHASE 1 03-1993->06-1998,95667957,CITROEN,https://www.pieces-autos-occasion.careco.fr/saint_brieuc/eclairage/piece-doccasion-clignotant-d-citroen-xantia-759135.html,,CLIGNOTANT D,1997,XANTIA,En stock
15.00 €,RTA 1.6E,,221797,BLEU,,careco,BLANC,MEGANE SCENIC MONOSP. 5P I PHASE 1 09-1996->08-1999,7701040713,RENAULT,https://www.pieces-autos-occasion.careco.fr/saint_brieuc/eclairage/piece-doccasion-clignotant-d-renault-megane-759017.html,,CLIGNOTANT D,1999,MEGANE,En stock
10.00 €,11 IMAGE BV4,,124966,NOIR,,careco,ORANGE,AX HAYON 3P PHASE 1 09-1986->06-1991,95619021,CITROEN,https://www.pieces-autos-occasion.careco.fr/saint_brieuc/eclairage/piece-doccasion-clignotant-d-citroen-ax.html,,CLIGNOTANT D,1990,AX,En stock
10.00 €,TURBO D,,319365,GRIS,,careco,BLANC,R25 HAYON 5P PHASE 1 03-1984->06-1988,7701029923,RENAULT,https://www.pieces-autos-occasion.careco.fr/saint_brieuc/eclairage/piece-doccasion-clignotant-d-renault-r25.html,,CLIGNOTANT D,1988,R25,En stock
10.00 €,1.4I GL 60CH,,125567,GRIS,,careco,ORANGE,ASTRA HAYON 5P I PHASE 1 (F) 10-1991->06-1994,90421896,OPEL,https://www.pieces-autos-occasion.careco.fr/saint_brieuc/eclairage/piece-doccasion-clignotant-d-opel-astra.html,,CLIGNOTANT D,1992,ASTRA,En stock
10.00 €,1.0I X,,152513,BLANC,,careco,BLANC,AX HAYON 5P PHASE 2 07-1991->06-1998,95659636,CITROEN,https://www.pieces-autos-occasion.careco.fr/saint_brieuc/eclairage/piece-doccasion-clignotant-d-citroen-ax-891810.html,,CLIGNOTANT D,1993,AX,En stock
10.00 €,1.6I 16V COOPER SIDEWALK,,47600,GRIS,,careco,"BLANC 
VEILLEUSE",MINI CABRIO 2P I (R52) 07-2004->03-2009,63137165862,MINI,https://www.pieces-autos-occasion.careco.fr/saint_brieuc/eclairage/piece-doccasion-clignotant-d-mini-mini.html,,CLIGNOTANT D,2008,MINI,En stock
10.00 €,1.4I PROFIL,,119583,BLANC,,careco,BLANC,306 HAYON 5P PHASE 1 02-1993->03-1997,0000630324,PEUGEOT,https://www.pieces-autos-occasion.careco.fr/saint_brieuc/eclairage/piece-doccasion-clignotant-d-peugeot-306.html,,CLIGNOTANT D,1997,306,En stock
15.00 €,2.1TD EXCLUSIVE (96),,380046,BLEU,,careco,BLANC,XM 5P 07.94>03.2001,Non,CITROEN,https://www.pieces-autos-occasion.careco.fr/saint_brieuc/eclairage/piece-doccasion-clignotant-d-citroen-xm.html,,CLIGNOTANT D,1997,XM,En stock
20.00 €,2.0 JTD EL CLIM 6 PLACES,,177825,GRIS,,careco,BLANC,ULYSSE MONOSP. 5P I 02-1995->09-2002,0001483095080,FIAT,https://www.pieces-autos-occasion.careco.fr/saint_brieuc/eclairage/piece-doccasion-clignotant-d-fiat-ulysse.html,,CLIGNOTANT D,2000,ULYSSE,En stock
10.00 €,RL 1.9D (90-93),,385910,GRIS,,careco,BLANC,CLIO HAYON 5P I PHASE 1 06-1990->03-1994,7701349982,RENAULT,https://www.pieces-autos-occasion.careco.fr/saint_brieuc/eclairage/piece-doccasion-clignotant-d-renault-clio-829435.html,,CLIGNOTANT D,1993,CLIO,En stock
10.00 €,SPORTING 4CV (99-2000),,74167,NOIR,,careco,ORANGE,SEICENTO HAYON 3P 03-1998->12-2008,0000046511353,FIAT,https://www.pieces-autos-occasion.careco.fr/saint_brieuc/eclairage/piece-doccasion-clignotant-d-fiat-seicento-824049.html,,CLIGNOTANT D,2000,SEICENTO,En stock
10.00 €,RN 2.2D,,266687,BLEU,,careco,BLANC,LAGUNA HAYON 5P I PHASE 1 01-1994->04-1998,7711130006,RENAULT,https://www.pieces-autos-occasion.careco.fr/saint_brieuc/eclairage/piece-doccasion-clignotant-d-renault-laguna-863901.html,,CLIGNOTANT D,1996,LAGUNA,En stock
20.00 €,1.9 CDTI 100CH,,195399,BLANC,,careco,ORANGE,VIVARO FG 4P I PHASE 1 -2700- CRT 10-2002->08-2006,91166439,OPEL,https://www.pieces-autos-occasion.careco.fr/saint_brieuc/eclairage/piece-doccasion-clignotant-d-opel-vivaro.html,,CLIGNOTANT D,2005,VIVARO,En stock
10.00 €,RT 2.2D,,338770,VERT,,careco,BLANC,LAGUNA HAYON 5P I PHASE 1 01-1994->04-1998,7711130006,RENAULT,https://www.pieces-autos-occasion.careco.fr/saint_brieuc/eclairage/piece-doccasion-clignotant-d-renault-laguna-823174.html,,CLIGNOTANT D,1996,LAGUNA,En stock
20.00 €,3T5 2.5 D 08.98>11.2000,,258085,BLANC,,careco,ORANGE,MASTER FG 4P II PHASE 1 -3500- LONG SRLV 09-1997->11-2003,7701044523,RENAULT,https://www.pieces-autos-occasion.careco.fr/saint_brieuc/eclairage/piece-doccasion-clignotant-d-renault-master.html,,CLIGNOTANT D,1999,MASTER,En stock
10.00 €,1.9 SILLAGE D,,315665,GRIS,,careco,BLANC,405 BERL. 4P PHASE 2 07-1992->06-1996,0000630195,PEUGEOT,https://www.pieces-autos-occasion.careco.fr/saint_brieuc/eclairage/piece-doccasion-clignotant-d-peugeot-405-905633.html,,CLIGNOTANT D,1995,405,En stock
10.00 €,1.4 PRIMA CHAMADE BV4,,156385,BLANC,,careco,BLANC,R19 CHAMADE 4P PHASE 1 07-1989->04-1992,Non,RENAULT,https://www.pieces-autos-occasion.careco.fr/saint_brieuc/eclairage/piece-doccasion-clignotant-d-renault-r19-904817.html,,CLIGNOTANT D,1992,R19,En stock
10.00 €,1.7 SDI,,0,BLANC,,careco,ORANGE,CADDY FG 3P II 09-1996->03-2004,6K5953050B,VOLKSWAGEN,https://www.pieces-autos-occasion.careco.fr/saint_brieuc/eclairage/piece-doccasion-clignotant-d-volkswagen-caddy-905536.html,,CLIGNOTANT D,1997,CADDY,En stock
10.00 €,1.9D EUROPA,,240137,BLEU,,careco,BLANC,R19 HAYON 5P PHASE 2 04-1992->03-1996,Non,RENAULT,https://www.pieces-autos-occasion.careco.fr/saint_brieuc/eclairage/piece-doccasion-clignotant-d-renault-r19.html,,CLIGNOTANT D,1995,R19,En stock
10.00 €,1.0L TOLEE,,135443,BLANC,,careco,ORANGE,EXPRESS FG 3P PHASE 1 11-1985->09-1994,Non,RENAULT,https://www.pieces-autos-occasion.careco.fr/saint_brieuc/eclairage/piece-doccasion-clignotant-d-renault-express-895241.html,,CLIGNOTANT D,1991,EXPRESS,En stock
10.00 €,TD ELX,,410289,BLEU,,careco,BLANC,PUNTO 5P >10.99,Non,FIAT,https://www.pieces-autos-occasion.careco.fr/saint_brieuc/eclairage/piece-doccasion-clignotant-g-fiat-punto-72819.html,,CLIGNOTANT G,1994,PUNTO,En stock
15.00 €,CABRIO,,110906,JAUNE,,careco,ORANGE,PUNTO CABRIOLET,Non,FIAT,https://www.pieces-autos-occasion.careco.fr/saint_brieuc/eclairage/piece-doccasion-clignotant-g-fiat-punto-72817.html,,CLIGNOTANT G,1997,PUNTO,En stock
10.00 €,1.0I X,,175764,VERT,,careco,BLANC,AX HAYON 3P PHASE 2 07-1991->06-1998,95659636,CITROEN,https://www.pieces-autos-occasion.careco.fr/saint_brieuc/eclairage/piece-doccasion-clignotant-d-citroen-ax-894673.html,,CLIGNOTANT D,1996,AX,En stock
10.00 €,55 S 01.95>02.99,,192955,GRIS,,careco,ORANGE,PUNTO 3P >10.99,Non,FIAT,https://www.pieces-autos-occasion.careco.fr/saint_brieuc/eclairage/piece-doccasion-clignotant-g-fiat-punto-72815.html,,CLIGNOTANT G,1999,PUNTO,En stock
10.00 €,TD SX,,0,NOIR,,careco,ORANGE,PUNTO 5P >10.99,Non,FIAT,https://www.pieces-autos-occasion.careco.fr/saint_brieuc/eclairage/piece-doccasion-clignotant-g-fiat-punto-72818.html,,CLIGNOTANT G,0,PUNTO,En stock
10.00 €,60 SX >06.95,,192095,BLEU,,careco,BLANC,PUNTO 5P >10.99,Non,FIAT,https://www.pieces-autos-occasion.careco.fr/saint_brieuc/eclairage/piece-doccasion-clignotant-g-fiat-punto-72816.html,,CLIGNOTANT G,1995,PUNTO,En stock
10.00 €,EXPRESSION 2.2 DCI 115,,326000,BLEU,,careco,BLANC,ESPACE MONOSP. 5P III 12-1996->09-2002,6025371086,RENAULT,https://www.pieces-autos-occasion.careco.fr/saint_brieuc/eclairage/piece-doccasion-clignotant-d-renault-espace-903493.html,,CLIGNOTANT D,2001,ESPACE,En stock
15.00 €,1.8 D CLX,,234363,GRIS,,careco,BLANC,ESCORT HAYON 5P IV PHASE 1 10-1990->09-1992,6729789,FORD,https://www.pieces-autos-occasion.careco.fr/saint_brieuc/eclairage/piece-doccasion-clignotant-d-ford-escort-909458.html,,CLIGNOTANT D,1992,ESCORT,En stock
10.00 €,1.4 SE 6CV,,270495,VERT,,careco,BLANC,IBIZA HAYON 5P II PHASE 2 (6K) 05-1996->09-1999,6K5953050C,SEAT,https://www.pieces-autos-occasion.careco.fr/saint_brieuc/eclairage/piece-doccasion-clignotant-d-seat-ibiza.html,,CLIGNOTANT D,1997,IBIZA,En stock
10.00 €,TD 60 START,,266874,ROUGE,,careco,BLANC,PUNTO 5P >10.99,Non,FIAT,https://www.pieces-autos-occasion.careco.fr/saint_brieuc/eclairage/piece-doccasion-clignotant-g-fiat-punto.html,,CLIGNOTANT G,1999,PUNTO,En stock
10.00 €,55 S 01.95>02.99,,180482,VERT,,careco,ORANGE,PUNTO 3P >10.99,Non,FIAT,https://www.pieces-autos-occasion.careco.fr/saint_brieuc/eclairage/piece-doccasion-clignotant-g-fiat-punto-72814.html,,CLIGNOTANT G,1995,PUNTO,En stock
10.00 €,1.6 L >02.97,,248000,BLANC,,careco,BLANC,146 HAYON 5P PHASE 1 04-1995->04-1999,0000009946766,ALFA ROMEO,https://www.pieces-autos-occasion.careco.fr/saint_brieuc/eclairage/piece-doccasion-clignotant-d-alfa-romeo-146.html,,CLIGNOTANT D,1996,146,En stock
10.00 €,2.1DT,,335825,VERT,,careco,BLANC,SAFRANE HAYON 5P PHASE 1 04-1992->09-1996,Non,RENAULT,https://www.pieces-autos-occasion.careco.fr/saint_brieuc/eclairage/piece-doccasion-clignotant-d-renault-safrane.html,,CLIGNOTANT D,1995,SAFRANE,En stock
10.00 €,1.8I 16V PLAISIR,,85030,GRIS,,careco,BLANC,XANTIA 12.97>09.2002,0000630369,CITROEN,https://www.pieces-autos-occasion.careco.fr/saint_brieuc/eclairage/piece-doccasion-clignotant-g-citroen-xantia-72829.html,,CLIGNOTANT G,2000,XANTIA,En stock
15.00 €,2.5D,,290381,BLANC,,careco,BLANC,JUMPER FG 4P I -31- CRT HAUT 01-1995->02-2002,0000630396,CITROEN,https://www.pieces-autos-occasion.careco.fr/saint_brieuc/eclairage/piece-doccasion-clignotant-g-citroen-jumper-72827.html,,CLIGNOTANT G,1995,JUMPER,En stock
12.00 €,2.5 D,,184934,BLANC,,careco,BLANC,JUMPER 31M TOLE >02.2002,0000630396,CITROEN,https://www.pieces-autos-occasion.careco.fr/saint_brieuc/eclairage/piece-doccasion-clignotant-g-citroen-jumper.html,,CLIGNOTANT G,2001,JUMPER,En stock
20.00 €,*** GENERIQUE ***,,165595,BLANC,,careco,ORANGE,C25 CHASS.-CABINE,Non,CITROEN,https://www.pieces-autos-occasion.careco.fr/saint_brieuc/eclairage/piece-doccasion-clignotant-g-citroen-c25.html,,CLIGNOTANT G,1990,C25,En stock
10.00 €,2.1 TD EXCLUSIVE 6CV,,216354,GRIS,,careco,BLANC,XANTIA 12.97>09.2002,0000630369,CITROEN,https://www.pieces-autos-occasion.careco.fr/saint_brieuc/eclairage/piece-doccasion-clignotant-g-citroen-xantia.html,,CLIGNOTANT G,1999,XANTIA,En stock
8.00 €,SPORTING ABARTH 4CV (99-2000),,93851,GRIS,,careco,ORANGE,SEICENTO,0000046511355,FIAT,https://www.pieces-autos-occasion.careco.fr/saint_brieuc/eclairage/piece-doccasion-clignotant-g-fiat-seicento-72823.html,,CLIGNOTANT G,1999,SEICENTO,En stock
10.00 €,SE,,130581,ORANGE,,careco,ORANGE,MATIZ > 12.2000,D96507804,DAEWOO,https://www.pieces-autos-occasion.careco.fr/saint_brieuc/eclairage/piece-doccasion-clignotant-g-daewoo-matiz.html,,CLIGNOTANT G,2000,MATIZ,En stock
10.00 €,1.7D,,116797,BLANC,,careco,BLANC,FIORINO FGT 01.94>12.2001,0000007692653,FIAT,https://www.pieces-autos-occasion.careco.fr/saint_brieuc/eclairage/piece-doccasion-clignotant-g-fiat-fiorino.html,,CLIGNOTANT G,1994,FIORINO,En stock
8.00 €,TEAM,,180000,BLEU,,careco,ORANGE,SEICENTO,Non,FIAT,https://www.pieces-autos-occasion.careco.fr/saint_brieuc/eclairage/piece-doccasion-clignotant-g-fiat-seicento.html,,CLIGNOTANT G,1998,SEICENTO,En stock
10.00 €,*** GENERIQUE ***,,76483,NOIR,,careco,ORANGE,CINQUECENTO,Non,FIAT,https://www.pieces-autos-occasion.careco.fr/saint_brieuc/eclairage/piece-doccasion-clignotant-g-fiat-cinquecento.html,,CLIGNOTANT G,1993,CINQUECENTO,En stock
10.00 €,FIRST BV5 CATA,,159788,BLANC,,careco,BLANC,AX 5P 07.91>06.98,Non,CITROEN,https://www.pieces-autos-occasion.careco.fr/saint_brieuc/eclairage/piece-doccasion-clignotant-g-citroen-ax.html,,CLIGNOTANT G,1993,AX,En stock
10.00 €,330D,,287719,VERT,,careco,ORANGE,SERIE 3 4P (E46) 05.98>09.2001,Non,BMW,https://www.pieces-autos-occasion.careco.fr/saint_brieuc/eclairage/piece-doccasion-clignotant-g-bmw-serie-3-73443.html,,CLIGNOTANT G,2000,SERIE 3,En stock
10.00 €,318I 8CV,,236558,VERT,,careco,ORANGE,SERIE 3 4P (E46) 05.98>09.2001,Non,BMW,https://www.pieces-autos-occasion.careco.fr/saint_brieuc/eclairage/piece-doccasion-clignotant-g-bmw-serie-3.html,,CLIGNOTANT G,2000,SERIE 3,En stock
10.00 €,1.8I 16V SX PACK CLIM 9CV,,117442,GRIS,,careco,BLANC,XANTIA 12.97>09.2002,0000630369,CITROEN,https://www.pieces-autos-occasion.careco.fr/saint_brieuc/eclairage/piece-doccasion-clignotant-g-citroen-xantia-72830.html,,CLIGNOTANT G,1998,XANTIA,En stock
10.00 €,2.1 TD EXCLUSIVE 6CV,,0,GRIS,,careco,BLANC,XANTIA 12.97>09.2002,0000630369,CITROEN,https://www.pieces-autos-occasion.careco.fr/saint_brieuc/eclairage/piece-doccasion-clignotant-g-citroen-xantia-72831.html,,CLIGNOTANT G,1998,XANTIA,En stock
8.00 €,16 TRS AUTO,,66615,ROUGE,,careco,BLANC,BX 5P,95619034,CITROEN,https://www.pieces-autos-occasion.careco.fr/saint_brieuc/eclairage/piece-doccasion-clignotant-g-citroen-bx.html,,CLIGNOTANT G,1990,BX,En stock
10.00 €,Non,,277838,BLANC,,careco,BLANC,Non,Non,SEAT,https://www.pieces-autos-occasion.careco.fr/saint_brieuc/eclairage/piece-doccasion-clignotant-g-seat-toledo.html,,CLIGNOTANT G,1995,TOLEDO,En stock
10.00 €,1.8I SX,,189531,GRIS,,careco,BLANC,XANTIA >06.98,95667956,CITROEN,https://www.pieces-autos-occasion.careco.fr/saint_brieuc/eclairage/piece-doccasion-clignotant-g-citroen-xantia-73435.html,,CLIGNOTANT G,1995,XANTIA,En stock
15.00 €,Non,,243451,NOIR,,careco,ORANGE,Non,Non,FIAT,https://www.pieces-autos-occasion.careco.fr/saint_brieuc/eclairage/piece-doccasion-clignotant-g-fiat-punto-73457.html,,CLIGNOTANT G,1998,PUNTO,En stock
15.00 €,Non,,153543,BLANC,,careco,ORANGE,Non,Non,VOLKSWAGEN,https://www.pieces-autos-occasion.careco.fr/saint_brieuc/eclairage/piece-doccasion-clignotant-g-volkswagen-lt.html,,CLIGNOTANT G,1999,LT,En stock
10.00 €,Non,,140913,ROUGE,,careco,ORANGE,Non,Non,FIAT,https://www.pieces-autos-occasion.careco.fr/saint_brieuc/eclairage/piece-doccasion-clignotant-g-fiat-punto-73458.html,,CLIGNOTANT G,1998,PUNTO,En stock
10.00 €,Non,,252764,BLANC,,careco,BLANC,Non,Non,FIAT,https://www.pieces-autos-occasion.careco.fr/saint_brieuc/eclairage/piece-doccasion-clignotant-g-fiat-ducato.html,,CLIGNOTANT G,1996,DUCATO,En stock
10.00 €,Non,,368785,GRIS,,careco,BLANC,Non,Non,RENAULT,https://www.pieces-autos-occasion.careco.fr/saint_brieuc/eclairage/piece-doccasion-clignotant-g-renault-espace.html,,CLIGNOTANT G,1992,ESPACE,En stock
10.00 €,Non,,213591,BLANC,,careco,BLANC,Non,Non,PEUGEOT,https://www.pieces-autos-occasion.careco.fr/saint_brieuc/eclairage/piece-doccasion-clignotant-g-peugeot-boxer.html,,CLIGNOTANT G,1998,BOXER,En stock
10.00 €,11 RE,,142719,BLANC,,careco,ORANGE,AX 5P >06.91,Non,CITROEN,https://www.pieces-autos-occasion.careco.fr/saint_brieuc/eclairage/piece-doccasion-clignotant-g-citroen-ax-73447.html,,CLIGNOTANT G,1987,AX,En stock
25.00 €,GLS 2.2DTI 16V,,348342,GRIS,,careco,BLANC ORANGE,SINTRA MONOSP. 5P 03-1997->12-1999,Non,OPEL,https://www.pieces-autos-occasion.careco.fr/saint_brieuc/eclairage/piece-doccasion-clignotant-g-opel-sintra.html,,CLIGNOTANT G,1999,SINTRA,En stock
10.00 €,1.9D SX AUTO,,229104,GRIS,,careco,BLANC,XANTIA HAYON 5P PHASE 1 03-1993->06-1998,95667956,CITROEN,https://www.pieces-autos-occasion.careco.fr/saint_brieuc/eclairage/piece-doccasion-clignotant-g-citroen-xantia-73434.html,,CLIGNOTANT G,1995,XANTIA,En stock
12.00 €,524 TD,,378299,GRIS,,careco,BLANC,SERIE 5 4P (E34) 02.88>06.94,Non,BMW,https://www.pieces-autos-occasion.careco.fr/saint_brieuc/eclairage/piece-doccasion-clignotant-g-bmw-serie-5.html,,CLIGNOTANT G,1989,SERIE 5,En stock
10.00 €,*** GENERIQUE ***,,0,BLANC,,careco,BLANC,309 5P >06.89,Non,PEUGEOT,https://www.pieces-autos-occasion.careco.fr/saint_brieuc/eclairage/piece-doccasion-clignotant-g-peugeot-309.html,,CLIGNOTANT G,1987,309,En stock
10.00 €,Non,,188549,VERT,,careco,BLANC,Non,Non,RENAULT,https://www.pieces-autos-occasion.careco.fr/saint_brieuc/eclairage/piece-doccasion-clignotant-g-renault-laguna.html,,CLIGNOTANT G,0,LAGUNA,En stock
10.00 €,Non,,205198,GRIS,,careco,BLANC,Non,Non,RENAULT,https://www.pieces-autos-occasion.careco.fr/saint_brieuc/eclairage/piece-doccasion-clignotant-g-renault-espace-73464.html,,CLIGNOTANT G,1995,ESPACE,En stock
8.00 €,11 TE,,259381,ROUGE,,careco,ORANGE,AX 3P >06.91,Non,CITROEN,https://www.pieces-autos-occasion.careco.fr/saint_brieuc/eclairage/piece-doccasion-clignotant-g-citroen-ax-73450.html,,CLIGNOTANT G,1990,AX,En stock
8.00 €,1.7TD CD,,176320,GRIS,,careco,BLANC,VECTRA 5P 07.92>06.95,1226145,OPEL,https://www.pieces-autos-occasion.careco.fr/saint_brieuc/eclairage/piece-doccasion-clignotant-g-opel-vectra-73467.html,,CLIGNOTANT G,1994,VECTRA,En stock
10.00 €,Non,,159824,BLEU,,careco,BLANC,Non,Non,OPEL,https://www.pieces-autos-occasion.careco.fr/saint_brieuc/eclairage/piece-doccasion-clignotant-g-opel-vectra.html,,CLIGNOTANT G,1990,VECTRA,En stock
10.00 €,Non,,275951,MARRON,,careco,ORANGE,Non,Non,AUDI,https://www.pieces-autos-occasion.careco.fr/saint_brieuc/eclairage/piece-doccasion-clignotant-g-audi-90.html,,CLIGNOTANT G,1989,90,En stock
10.00 €,Non,,17018,GRIS,,careco,ORANGE,Non,Non,FORD,https://www.pieces-autos-occasion.careco.fr/saint_brieuc/eclairage/piece-doccasion-clignotant-g-ford-fiesta.html,,CLIGNOTANT G,1983,FIESTA,En stock
10.00 €,SAXO,,164348,GRIS,,careco,ORANGE,AX 5P >06.91,Non,CITROEN,https://www.pieces-autos-occasion.careco.fr/saint_brieuc/eclairage/piece-doccasion-clignotant-g-citroen-ax-73446.html,,CLIGNOTANT G,1992,AX,En stock
10.00 €,Non,,154028,ROUGE,,careco,ORANGE,Non,Non,OPEL,https://www.pieces-autos-occasion.careco.fr/saint_brieuc/eclairage/piece-doccasion-clignotant-g-opel-corsa.html,,CLIGNOTANT G,1988,CORSA,En stock
10.00 €,Non,,98931,BLEU,,careco,ORANGE,Non,Non,FORD,https://www.pieces-autos-occasion.careco.fr/saint_brieuc/eclairage/piece-doccasion-clignotant-g-ford-ka.html,,CLIGNOTANT G,1999,KA,En stock
10.00 €,2.0 HDI 110CH SX,,365188,VERT,,careco,BLANC,XANTIA 12.97>09.2002,0000630369,CITROEN,https://www.pieces-autos-occasion.careco.fr/saint_brieuc/eclairage/piece-doccasion-clignotant-g-citroen-xantia-72832.html,,CLIGNOTANT G,2000,XANTIA,En stock
8.00 €,2.0 CLX,,87000,GRIS,,careco,ORANGE,SIERRA 4P 87>06.91,Non,FORD,https://www.pieces-autos-occasion.careco.fr/saint_brieuc/eclairage/piece-doccasion-clignotant-g-ford-sierra.html,,CLIGNOTANT G,1990,SIERRA,En stock
15.00 €,2.0 DITD 100CH VTX,,356526,BLEU,,careco,"BLANC
PATE CASSE",PREMACY,C10051070B,MAZDA,https://www.pieces-autos-occasion.careco.fr/saint_brieuc/eclairage/piece-doccasion-clignotant-g-mazda-premacy.html,,CLIGNOTANT G,2000,PREMACY,En stock
10.00 €,D 70,,194624,BLANC,,careco,ORANGE,TRANSIT 100C 95 >09.98,1063534,FORD,https://www.pieces-autos-occasion.careco.fr/saint_brieuc/eclairage/piece-doccasion-clignotant-g-ford-transit.html,,CLIGNOTANT G,2000,TRANSIT,En stock
15.00 €,1.2 65CH VISIA,,171548,BLEU,,careco,ORANGE,MICRA 5P 01.2003>06.2005,26135AX600,NISSAN,https://www.pieces-autos-occasion.careco.fr/saint_brieuc/eclairage/piece-doccasion-clignotant-g-nissan-micra-73478.html,,CLIGNOTANT G,2003,MICRA,En stock
15.00 €,280 SE,,226235,OR,,careco,ORANGE,280 SE,Non,MERCEDES,https://www.pieces-autos-occasion.careco.fr/saint_brieuc/eclairage/piece-doccasion-clignotant-g-mercedes-280.html,,CLIGNOTANT G,1977,280,En stock
10.00 €,1000 L,,142870,GRIS,,careco,ORANGE,MICRA 5P 07.89>06.92,Non,NISSAN,https://www.pieces-autos-occasion.careco.fr/saint_brieuc/eclairage/piece-doccasion-clignotant-g-nissan-micra.html,,CLIGNOTANT G,1992,MICRA,En stock
15.00 €,2.3 D,,238691,BLEU,,careco,BLANC,VANETTE CARGO,Non,NISSAN,https://www.pieces-autos-occasion.careco.fr/saint_brieuc/eclairage/piece-doccasion-clignotant-g-nissan-vanette.html,,CLIGNOTANT G,2000,VANETTE,En stock
10.00 €,GREEN 1.4,,91065,BLEU,,careco,BLANC,106 5P 09.92>04.96,0000630320,PEUGEOT,https://www.pieces-autos-occasion.careco.fr/saint_brieuc/eclairage/piece-doccasion-clignotant-g-peugeot-106.html,,CLIGNOTANT G,1995,106,En stock
8.00 €,1.5TD VIVA,,210850,NOIR,,careco,BLANC,CORSA 3P 07.90>03.93,1226001,OPEL,https://www.pieces-autos-occasion.careco.fr/saint_brieuc/eclairage/piece-doccasion-clignotant-g-opel-corsa-73474.html,,CLIGNOTANT G,1992,CORSA,En stock
15.00 €,2.8DTI,,247543,ROUGE,,careco,BLANC,MOVANO M2 F3300 5P,Non,OPEL,https://www.pieces-autos-occasion.careco.fr/saint_brieuc/eclairage/piece-doccasion-clignotant-g-opel-movano.html,,CLIGNOTANT G,2000,MOVANO,En stock
10.00 €,RN 1.2,,197160,VERT,,careco,BLANC,CLIO HAYON 5P I PHASE 2 03-1994->03-1996,Non,RENAULT,https://www.pieces-autos-occasion.careco.fr/saint_brieuc/eclairage/piece-doccasion-clignotant-g-renault-clio-73493.html,,CLIGNOTANT G,1996,CLIO,En stock
10.00 €,60 OPERA,,220902,ROUGE,,careco,ORANGE,PUNTO HAYON 3P I 11-1993->10-1999,Non,FIAT,https://www.pieces-autos-occasion.careco.fr/saint_brieuc/eclairage/piece-doccasion-clignotant-g-fiat-punto-73489.html,,CLIGNOTANT G,1998,PUNTO,En stock
10.00 €,RN 1.4 AUTO,,127242,GRIS,,careco,BLANC,CLIO HAYON 5P I PHASE 2 03-1994->03-1996,7701349981,RENAULT,https://www.pieces-autos-occasion.careco.fr/saint_brieuc/eclairage/piece-doccasion-clignotant-g-renault-clio.html,,CLIGNOTANT G,1996,CLIO,En stock
10.00 €,55 START,,147811,BLEU,,careco,ORANGE,PUNTO HAYON 3P I 11-1993->10-1999,0000046402658,FIAT,https://www.pieces-autos-occasion.careco.fr/saint_brieuc/eclairage/piece-doccasion-clignotant-g-fiat-punto-73488.html,,CLIGNOTANT G,1999,PUNTO,En stock
10.00 €,TD 70 5CV,,300708,BLANC,,careco,BLANC,PALIO WEEKEND,Non,FIAT,https://www.pieces-autos-occasion.careco.fr/saint_brieuc/eclairage/piece-doccasion-clignotant-g-fiat-palio.html,,CLIGNOTANT G,2000,PALIO,En stock
10.00 €,1.1 FUN,,440212,BLEU,,careco,ORANGE,FIESTA 5P 03.89>01.94,Non,FORD,https://www.pieces-autos-occasion.careco.fr/saint_brieuc/eclairage/piece-doccasion-clignotant-g-ford-fiesta-73486.html,,CLIGNOTANT G,1991,FIESTA,En stock
12.00 €,100 16V ELX >09.2000,,190821,GRIS,,careco,ORANGE,MULTIPLA,0000046512542,FIAT,https://www.pieces-autos-occasion.careco.fr/saint_brieuc/eclairage/piece-doccasion-clignotant-g-fiat-multipla.html,,CLIGNOTANT G,1999,MULTIPLA,En stock
10.00 €,1.4I TOURING AIRBAG,,82540,GRIS,,careco,"BLANC 
ATTENTION CASSE",ESCORT HAYON 5P IV PHASE 2 10-1992->01-1995,6729790,FORD,https://www.pieces-autos-occasion.careco.fr/saint_brieuc/eclairage/piece-doccasion-clignotant-g-ford-escort.html,,CLIGNOTANT G,1994,ESCORT,En stock
10.00 €,1.4 AMBIENTE,,187810,BLEU,,careco,ORANGE,FOCUS 5P,1219836,FORD,https://www.pieces-autos-occasion.careco.fr/saint_brieuc/eclairage/piece-doccasion-clignotant-g-ford-focus.html,,CLIGNOTANT G,1999,FOCUS,En stock
8.00 €,2.0 GT,,197290,INCONNU,,careco,BLANC,SIERRA II 5P 07.91>01.93,Non,FORD,https://www.pieces-autos-occasion.careco.fr/saint_brieuc/eclairage/piece-doccasion-clignotant-g-ford-sierra-73482.html,,CLIGNOTANT G,1991,SIERRA,En stock
10.00 €,FAMILY 2.0HDI,,344000,GRIS,,careco,BLANC,806 06.94>12.2001,0000630373,PEUGEOT,https://www.pieces-autos-occasion.careco.fr/saint_brieuc/eclairage/piece-doccasion-clignotant-g-peugeot-806.html,,CLIGNOTANT G,2000,806,En stock
10.00 €,2.5 D,,171588,JAUNE,,careco,BLANC,BOXER 310C TOLE >02.2002,Non,PEUGEOT,https://www.pieces-autos-occasion.careco.fr/saint_brieuc/eclairage/piece-doccasion-clignotant-g-peugeot-boxer-74055.html,,CLIGNOTANT G,2000,BOXER,En stock
10.00 €,*** GENERIQUE ***,,614882,NOIR,,careco,ORANGE,5 3P (SUPER 5),Non,RENAULT,https://www.pieces-autos-occasion.careco.fr/saint_brieuc/eclairage/piece-doccasion-clignotant-g-renault-r5-73501.html,,CLIGNOTANT G,1988,R5,En stock
10.00 €,1.3 GLX,,127727,ROUGE,,careco,BLANC,FELICIA,Non,SKODA,https://www.pieces-autos-occasion.careco.fr/saint_brieuc/eclairage/piece-doccasion-clignotant-g-skoda-felicia.html,,CLIGNOTANT G,1999,FELICIA,En stock
10.00 €,2.5 D,,189482,BLANC,,careco,BLANC,BOXER 350MH TOLE >02.2002,Non,PEUGEOT,https://www.pieces-autos-occasion.careco.fr/saint_brieuc/eclairage/piece-doccasion-clignotant-g-peugeot-boxer-74056.html,,CLIGNOTANT G,1997,BOXER,En stock
10.00 €,GTR SAGA,,109234,BLEU,,careco,ORANGE,5 5P (SUPER 5),7701349975,RENAULT,https://www.pieces-autos-occasion.careco.fr/saint_brieuc/eclairage/piece-doccasion-clignotant-g-renault-r5-73499.html,,CLIGNOTANT G,1990,R5,En stock
10.00 €,CAMPUS BV5 (92-93),,153871,VERT,,careco,ORANGE,5 5P (SUPER 5),Non,RENAULT,https://www.pieces-autos-occasion.careco.fr/saint_brieuc/eclairage/piece-doccasion-clignotant-g-renault-r5-73500.html,,CLIGNOTANT G,1992,R5,En stock
10.00 €,SL BV4,,100646,BEIGE,,careco,ORANGE,5 5P (SUPER 5),7701349975,RENAULT,https://www.pieces-autos-occasion.careco.fr/saint_brieuc/eclairage/piece-doccasion-clignotant-g-renault-r5.html,,CLIGNOTANT G,1987,R5,En stock
10.00 €,RL 1.2 (91-92),,165582,ROUGE,,careco,BLANC,CLIO I PH.1 5P >03.94,Non,RENAULT,https://www.pieces-autos-occasion.careco.fr/saint_brieuc/eclairage/piece-doccasion-clignotant-g-renault-clio-73497.html,,CLIGNOTANT G,1992,CLIO,En stock
10.00 €,RC 1.9D 65CH SOCIÉTÉ,,290480,BLANC,,careco,BLANC,CLIO HAYON 3P I PHASE 2 03-1994->03-1996,7701349981,RENAULT,https://www.pieces-autos-occasion.careco.fr/saint_brieuc/eclairage/piece-doccasion-clignotant-g-renault-clio-73496.html,,CLIGNOTANT G,1996,CLIO,En stock
10.00 €,RN 2.2I,,182573,GRIS,,careco,BLANC,ESPACE 04.91>02.95,6025170011,RENAULT,https://www.pieces-autos-occasion.careco.fr/saint_brieuc/eclairage/piece-doccasion-clignotant-g-renault-espace-74070.html,,CLIGNOTANT G,1993,ESPACE,En stock
10.00 €,ALIZE 2.1DT,,0,Non,,careco,BLANC,ESPACE 03.95>06.97,Non,RENAULT,https://www.pieces-autos-occasion.careco.fr/saint_brieuc/eclairage/piece-doccasion-clignotant-g-renault-espace-74069.html,,CLIGNOTANT G,1995,ESPACE,En stock
10.00 €,ALIZE 2.1DTV,,310251,BLEU,,careco,BLANC,ESPACE 03.95>06.97,Non,RENAULT,https://www.pieces-autos-occasion.careco.fr/saint_brieuc/eclairage/piece-doccasion-clignotant-g-renault-espace-74067.html,,CLIGNOTANT G,1996,ESPACE,En stock
10.00 €,ALIZE 2.1DT,,423219,VERT,,careco,BLANC,ESPACE 03.95>06.97,6025170011,RENAULT,https://www.pieces-autos-occasion.careco.fr/saint_brieuc/eclairage/piece-doccasion-clignotant-g-renault-espace-74068.html,,CLIGNOTANT G,1996,ESPACE,En stock
15.00 €,EXPRESSION 2.2 DCI 130,,186808,BLEU,,careco,BLANC,GRAND ESPACE MONOSP. 5P III LONG 01-1998->09-2002,6025371085,RENAULT,https://www.pieces-autos-occasion.careco.fr/saint_brieuc/eclairage/piece-doccasion-clignotant-g-renault-espace-74065.html,,CLIGNOTANT G,2000,ESPACE,En stock
15.00 €,*** GENERIQUE ***,,290273,BLANC,,careco,ORANGE,MASTER,Non,RENAULT,https://www.pieces-autos-occasion.careco.fr/saint_brieuc/eclairage/piece-doccasion-clignotant-g-renault-master.html,,CLIGNOTANT G,1998,MASTER,En stock
8.00 €,418 SLD TURBO,,358011,VERT,,careco,BLANC,400 01.94>09.95,Non,ROVER,https://www.pieces-autos-occasion.careco.fr/saint_brieuc/eclairage/piece-doccasion-clignotant-g-rover-400.html,,CLIGNOTANT G,1994,400,En stock
10.00 €,218 SD,,297797,BLANC,,careco,BLANC,200 5P 01.94>06.96,Non,ROVER,https://www.pieces-autos-occasion.careco.fr/saint_brieuc/eclairage/piece-doccasion-clignotant-g-rover-200.html,,CLIGNOTANT G,1994,200,En stock
15.00 €,CONFORT CLIM EXPRESSION 1.5 DCI 70,,77721,GRIS,,careco,BLANC,MODUS 09.2004>12.2007,Non,RENAULT,https://www.pieces-autos-occasion.careco.fr/saint_brieuc/eclairage/piece-doccasion-clignotant-g-renault-modus.html,,CLIGNOTANT G,2007,MODUS,En stock
10.00 €,1.0 FRESH,,124827,GRIS,,careco,BLANC,IBIZA 5P 09.99>03.2002,Non,SEAT,https://www.pieces-autos-occasion.careco.fr/saint_brieuc/eclairage/piece-doccasion-clignotant-g-seat-ibiza.html,,CLIGNOTANT G,2000,IBIZA,En stock
10.00 €,RT 2.0 01.96 > 09.96,,136243,GRIS,,careco,BLANC,LAGUNA >04.98,Non,RENAULT,https://www.pieces-autos-occasion.careco.fr/saint_brieuc/eclairage/piece-doccasion-clignotant-g-renault-laguna-74084.html,,CLIGNOTANT G,1996,LAGUNA,En stock
10.00 €,RT 2.2D,,282767,BLEU,,careco,BLANC,LAGUNA >04.98,7711130007,RENAULT,https://www.pieces-autos-occasion.careco.fr/saint_brieuc/eclairage/piece-doccasion-clignotant-g-renault-laguna-74086.html,,CLIGNOTANT G,1997,LAGUNA,En stock
10.00 €,RN 1.8 1794CM3,,190226,VERT,,careco,BLANC,LAGUNA >04.98,7711130007,RENAULT,https://www.pieces-autos-occasion.careco.fr/saint_brieuc/eclairage/piece-doccasion-clignotant-g-renault-laguna-74079.html,,CLIGNOTANT G,1994,LAGUNA,En stock
10.00 €,RN 1.8 C 1783CM3>96,,197813,NOIR,,careco,BLANC,LAGUNA >04.98,Non,RENAULT,https://www.pieces-autos-occasion.careco.fr/saint_brieuc/eclairage/piece-doccasion-clignotant-g-renault-laguna-74085.html,,CLIGNOTANT G,1994,LAGUNA,En stock
10.00 €,RTE 2.2DT,,0,GRIS,,careco,BLANC,LAGUNA >04.98,7711130007,RENAULT,https://www.pieces-autos-occasion.careco.fr/saint_brieuc/eclairage/piece-doccasion-clignotant-g-renault-laguna-74077.html,,CLIGNOTANT G,1998,LAGUNA,En stock
10.00 €,RN 1.8 01.96 > 09.96,,293599,VERT,,careco,BLANC ORANGE,LAGUNA >04.98,7711130007,RENAULT,https://www.pieces-autos-occasion.careco.fr/saint_brieuc/eclairage/piece-doccasion-clignotant-g-renault-laguna-74080.html,,CLIGNOTANT G,1997,LAGUNA,En stock
10.00 €,ALIZE 2.1DTV,,447300,BLEU,,careco,BLANC,ESPACE 03.95>06.97,Non,RENAULT,https://www.pieces-autos-occasion.careco.fr/saint_brieuc/eclairage/piece-doccasion-clignotant-g-renault-espace-74072.html,,CLIGNOTANT G,1996,ESPACE,En stock
10.00 €,RN 1.8 1794CM3,,204846,BLEU,,careco,BLANC,LAGUNA >04.98,Non,RENAULT,https://www.pieces-autos-occasion.careco.fr/saint_brieuc/eclairage/piece-doccasion-clignotant-g-renault-laguna-74083.html,,CLIGNOTANT G,0,LAGUNA,En stock
10.00 €,RTE 1.9DTI 6CV>11.98,,367645,BEIGE,,careco,BLANC,SCENIC PH1 96>08.99,7701040712,RENAULT,https://www.pieces-autos-occasion.careco.fr/saint_brieuc/eclairage/piece-doccasion-clignotant-g-renault-megane-74095.html,,CLIGNOTANT G,1999,MEGANE,En stock
10.00 €,RXT 1.9DTI,,240135,BLEU,,careco,BLANC,SCENIC I PH2 08.99>06.03,7701040712,RENAULT,https://www.pieces-autos-occasion.careco.fr/saint_brieuc/eclairage/piece-doccasion-clignotant-g-renault-scenic-74091.html,,CLIGNOTANT G,1998,SCENIC,En stock
10.00 €,RTE 2.0 AUTO 7CV,,123461,BLEU,,careco,BLANC,MEGANE SCENIC MONOSP. 5P I PHASE 1 09-1996->08-1999,7701040712,RENAULT,https://www.pieces-autos-occasion.careco.fr/saint_brieuc/eclairage/piece-doccasion-clignotant-g-renault-megane.html,,CLIGNOTANT G,1999,MEGANE,En stock
10.00 €,*** GENERIQUE ***,,143892,BLEU,,careco,BLANC,SCENIC I PH2 08.99>06.03,Non,RENAULT,https://www.pieces-autos-occasion.careco.fr/saint_brieuc/eclairage/piece-doccasion-clignotant-g-renault-scenic.html,,CLIGNOTANT G,1999,SCENIC,En stock
10.00 €,RXT 2.2DT,,376382,VERT,,careco,BLANC,LAGUNA >04.98,7711130007,RENAULT,https://www.pieces-autos-occasion.careco.fr/saint_brieuc/eclairage/piece-doccasion-clignotant-g-renault-laguna-74087.html,,CLIGNOTANT G,1998,LAGUNA,En stock
10.00 €,RT 2.2D,,337054,GRIS,,careco,BLANC,LAGUNA >04.98,Non,RENAULT,https://www.pieces-autos-occasion.careco.fr/saint_brieuc/eclairage/piece-doccasion-clignotant-g-renault-laguna-74081.html,,CLIGNOTANT G,1996,LAGUNA,En stock
10.00 €,RTE 1.6E >11.98,,149821,VIOLET,,careco,BLANC,SCENIC PH1 96>08.99,7701